[{"block":{"fname":"G29_Project_REPORT.pdf","uname":"nitin","previoushash":null,"caseid":"2668","lcomment":"dwcsc","jcomment":"csvsd","details":"clisuc","casename":"test","judge":"1","lawyer":"1","hash":"00000bf8f0f4e59e2dc84de94b4e71b7bb09da09137345c088caf27f757b9178","status":"Case Closed"}},{"block":{"fname":"MongoDB_Commands.md","uname":"NITIN","previoushash":null,"caseid":"3776","lcomment":"fjfgmcfj","jcomment":"-","details":"igckysg","casename":"test","judge":"1","lawyer":"1","hash":"00000eec9d839609b77aecddd758cd8cc58c97eaff83757e38446f964be4b079","status":"PENDING"}}]