<?xml version="1.0" encoding="UTF-8"?>
<project-private xmlns="http://www.netbeans.org/ns/project-private/1">
    <editor-bookmarks xmlns="http://www.netbeans.org/ns/editor-bookmarks/2" lastBookmarkId="0"/>
    <open-files xmlns="http://www.netbeans.org/ns/projectui-open-files/2">
        <group>
            <file>file:/C:/Users/nitin/OneDrive/Desktop/8th%20SEM/blockchain-final/judicial%20system%20blockchain/code/judicialsystemBlockchain/src/blockchainServer/Block.java</file>
            <file>file:/C:/Users/nitin/OneDrive/Desktop/8th%20SEM/blockchain-final/judicial%20system%20blockchain/code/judicialsystemBlockchain/src/blockchainServer/blockcserver.java</file>
            <file>file:/C:/Users/nitin/OneDrive/Desktop/8th%20SEM/blockchain-final/judicial%20system%20blockchain/code/judicialsystemBlockchain/src/blockchainServer/StringUtil.java</file>
            <file>file:/C:/Users/nitin/OneDrive/Desktop/8th%20SEM/blockchain-final/judicial%20system%20blockchain/code/judicialsystemBlockchain/src/blockchainServer/readJSON.java</file>
            <file>file:/C:/Users/nitin/OneDrive/Desktop/8th%20SEM/blockchain-final/judicial%20system%20blockchain/code/judicialsystemBlockchain/src/blockchainServer/readblockreq.java</file>
        </group>
    </open-files>
</project-private>
